time,open,high,low,close,volume
2021-08-04 17:30:00,68.79,68.79,68.79,68.79,33298
2021-08-04 16:00:00,68.98,69.01,68.61,68.79,15572
2021-08-04 15:45:00,68.6,68.9,68.34,68.9,5885
2021-08-04 15:30:00,68.64,68.69,68.53,68.59,2710
2021-08-04 15:15:00,68.83,69.09,68.6,68.6,8194
2021-08-04 15:00:00,68.71,68.9,68.3301,68.9,11099
2021-08-04 14:45:00,68.28,68.8,68.08,68.73,4393
2021-08-04 14:30:00,68.405,68.45,68.21,68.36,6988
2021-08-04 14:15:00,68.67,68.81,68.48,68.48,4018
2021-08-04 14:00:00,68.14,68.84,68.14,68.59,1849
2021-08-04 13:45:00,68.6174,68.63,67.985,68.11,13908
2021-08-04 13:30:00,68.195,68.69,68.15,68.69,10388
2021-08-04 13:15:00,68.0,68.285,68.0,68.2,8905
2021-08-04 13:00:00,69.0,69.0,68.12,68.256,10381
2021-08-04 12:45:00,69.8,69.8,69.0,69.0,7639
2021-08-04 12:30:00,69.32,69.805,69.32,69.805,2046
2021-08-04 12:15:00,69.57,69.59,69.2,69.59,6698
2021-08-04 12:00:00,70.56,70.58,69.57,69.57,19030
2021-08-04 11:45:00,71.04,71.04,70.45,70.55,4949
2021-08-04 11:30:00,70.65,71.13,70.29,71.13,28895
2021-08-04 11:15:00,70.545,70.82,70.42,70.61,13933
2021-08-04 11:00:00,70.61,70.798,69.755,70.62,30217
2021-08-04 10:45:00,70.05,70.65,68.7448,70.65,16139
2021-08-04 10:30:00,70.66,70.8,69.97,70.045,8962
2021-08-04 10:15:00,68.4,70.7669,68.37,70.7669,28892
2021-08-04 10:00:00,67.2545,68.88,67.0,68.42,15520
2021-08-04 09:45:00,68.99,68.99,67.495,67.775,23966
2021-08-03 16:00:00,68.68,69.22,68.63,69.08,40689
2021-08-03 15:45:00,69.5,69.8,68.89,68.92,11463
2021-08-03 15:30:00,69.2,69.615,69.09,69.5,14185
2021-08-03 15:15:00,68.99,69.39,68.99,69.35,4633
2021-08-03 15:00:00,68.85,69.04,68.72,68.84,4467
2021-08-03 14:45:00,68.7519,69.08,68.7519,68.96,2809
2021-08-03 14:30:00,68.2036,69.0,67.8901,68.88,7575
2021-08-03 14:15:00,68.025,68.38,67.6,68.38,3399
2021-08-03 14:00:00,67.62,68.26,67.53,68.19,6606
2021-08-03 13:45:00,67.5561,67.71,67.1,67.71,8967
2021-08-03 13:30:00,67.43,67.54,67.1,67.33,3655
2021-08-03 13:15:00,68.0,68.02,67.2051,67.8278,12773
2021-08-03 13:00:00,67.54,68.4,67.54,68.4,1757
2021-08-03 12:45:00,67.755,68.14,67.501,67.54,9768
2021-08-03 12:30:00,68.065,68.26,67.87,67.95,1560
2021-08-03 12:15:00,67.56,68.02,67.2,67.98,17732
2021-08-03 12:00:00,68.862,68.862,67.59,67.75,10591
2021-08-03 11:45:00,68.6985,68.87,68.3128,68.79,13194
2021-08-03 11:30:00,68.48,68.65,68.1301,68.58,9531
2021-08-03 11:15:00,66.88,68.35,66.88,68.305,14145
2021-08-03 11:00:00,66.6951,67.42,66.67,67.0163,13391
2021-08-03 10:45:00,66.78,67.41,66.25,66.675,13934
2021-08-03 10:30:00,65.85,67.22,65.85,66.995,13187
2021-08-03 10:15:00,66.69,67.5556,65.78,66.51,21777
2021-08-03 10:00:00,64.75,66.71,64.75,66.69,27090
2021-08-03 09:45:00,68.34,70.39,64.2,65.0235,65969
2021-08-03 09:30:00,69.49,69.68,68.03,68.03,1703
2021-08-03 08:15:00,69.41,69.41,68.02,68.02,1461
2021-08-03 07:15:00,69.5,69.5,69.5,69.5,569
2021-08-02 20:00:00,68.25,68.93,68.25,68.93,408
2021-08-02 18:00:00,69.9,69.95,69.9,69.95,1006
2021-08-02 17:15:00,70.75,70.75,70.4,70.4,500
2021-08-02 17:00:00,71.0,71.0,71.0,71.0,300
2021-08-02 16:15:00,69.49,69.49,69.49,69.49,3792
2021-08-02 16:00:00,68.91,69.49,68.6801,69.48,40338
2021-08-02 15:45:00,69.08,69.305,68.94,68.94,28080
2021-08-02 15:30:00,69.36,69.39,69.105,69.105,3670
2021-08-02 15:15:00,69.06,69.585,68.97,69.38,28419
2021-08-02 15:00:00,69.39,69.39,68.96,69.06,2725
2021-08-02 14:45:00,69.0,69.44,68.93,69.02,16462
2021-08-02 14:30:00,69.15,69.29,68.87,68.99,3923
2021-08-02 14:15:00,68.8,69.3039,68.77,69.1067,21037
2021-08-02 14:00:00,69.26,69.26,68.48,68.7,23896
2021-08-02 13:45:00,69.26,69.3218,69.1,69.16,7001
2021-08-02 13:30:00,69.4,69.4139,69.11,69.24,4456
2021-08-02 13:15:00,69.42,69.435,69.26,69.35,2121
2021-08-02 13:00:00,69.47,69.56,69.17,69.33,3608
2021-08-02 12:45:00,69.21,69.6036,69.21,69.46,2686
2021-08-02 12:30:00,68.95,69.17,68.7,69.17,6809
2021-08-02 12:15:00,69.0886,69.25,68.71,68.78,6087
2021-08-02 12:00:00,69.0,69.24,68.91,69.12,4851
2021-08-02 11:45:00,69.15,69.15,68.7,69.0,9979
2021-08-02 11:30:00,69.42,69.47,69.01,69.145,12030
2021-08-02 11:15:00,69.69,69.88,69.23,69.4,26990
2021-08-02 11:00:00,69.56,70.17,69.56,69.74,12087
2021-08-02 10:45:00,70.5,70.84,69.99,70.14,15451
2021-08-02 10:30:00,70.175,70.58,69.03,70.145,25633
2021-08-02 10:15:00,71.358,71.8,70.0,70.07,15426
2021-08-02 10:00:00,70.57,71.65,70.57,71.31,44839
2021-08-02 09:45:00,67.92,71.01,67.92,70.705,43877
2021-08-02 09:00:00,68.49,68.49,68.49,68.49,122
2021-08-02 08:15:00,67.7099,67.71,67.7099,67.71,583
2021-07-30 16:15:00,67.39,67.39,67.39,67.39,2210
2021-07-30 16:00:00,67.0,67.43,66.9,67.27,23399
2021-07-30 15:45:00,66.71,67.1049,66.67,66.895,5884
2021-07-30 15:30:00,66.54,66.825,66.43,66.825,4940
2021-07-30 15:15:00,66.45,66.605,66.415,66.6,3342
2021-07-30 15:00:00,66.1301,66.38,66.05,66.28,4451
2021-07-30 14:45:00,66.31,66.31,66.06,66.25,2738
2021-07-30 14:30:00,66.35,66.36,66.2,66.2,1600
2021-07-30 14:15:00,66.12,66.5056,66.1,66.11,1719
2021-07-30 14:00:00,66.82,66.82,66.1,66.24,6830
2021-07-30 13:45:00,66.22,66.83,66.06,66.4661,2609
2021-07-30 13:30:00,66.45,66.45,66.15,66.27,2218
2021-07-30 13:15:00,66.39,66.4757,66.3301,66.42,1979
2021-07-30 13:00:00,66.7272,66.858,66.7272,66.74,3862
2021-07-30 12:45:00,66.7335,66.9899,66.7,66.84,2757
2021-07-30 12:30:00,66.94,66.94,66.6313,66.6425,1760
2021-07-30 12:15:00,66.46,66.89,66.02,66.6217,5033
2021-07-30 12:00:00,66.7,66.9158,66.41,66.45,10893
2021-07-30 11:45:00,66.89,66.935,66.305,66.71,4793
2021-07-30 11:30:00,66.91,67.07,66.75,66.89,2410
2021-07-30 11:15:00,66.83,67.39,66.475,67.39,10205
2021-07-30 11:00:00,67.87,67.9298,66.7,66.905,30400
2021-07-30 10:45:00,67.94,68.3157,67.4906,67.9,27690
2021-07-30 10:30:00,68.63,68.63,67.22,67.99,8139
2021-07-30 10:15:00,68.645,68.96,68.42,68.96,2829
2021-07-30 10:00:00,68.2,68.84,68.056,68.8141,4841
2021-07-30 09:45:00,67.98,68.39,67.09,68.3,19698
2021-07-29 18:15:00,68.17,68.17,68.17,68.17,100
2021-07-29 16:45:00,68.4,68.4,68.4,68.4,190
2021-07-29 16:00:00,68.595,68.68,68.41,68.41,13956
2021-07-29 15:45:00,68.9,69.0,68.42,68.42,11989
2021-07-29 15:30:00,69.01,69.12,68.84,68.84,10419
2021-07-29 15:15:00,69.82,69.82,69.0,69.088,9129
2021-07-29 15:00:00,69.7138,69.85,69.5,69.8,5803
2021-07-29 14:45:00,69.74,69.76,69.39,69.53,6796
2021-07-29 14:30:00,69.44,69.675,69.143,69.675,5105
2021-07-29 14:15:00,69.67,69.67,69.1925,69.1925,2523
2021-07-29 14:00:00,69.41,69.6756,69.41,69.6,4378
2021-07-29 13:45:00,69.45,69.5,69.14,69.2212,5424
2021-07-29 13:30:00,69.3375,69.5,69.135,69.4344,5468
2021-07-29 13:15:00,69.0701,69.35,69.0541,69.21,3035
2021-07-29 13:00:00,68.92,69.1,68.7,68.96,3702
2021-07-29 12:45:00,69.05,69.1,68.66,68.95,3735
2021-07-29 12:30:00,69.09,69.45,69.05,69.0656,6861
2021-07-29 12:15:00,69.0,69.32,69.0,69.17,4657
2021-07-29 12:00:00,68.58,69.147,68.58,68.925,7412
2021-07-29 11:45:00,68.4608,68.9352,68.41,68.8,4764
2021-07-29 11:30:00,68.1885,68.67,68.13,68.4,3216
2021-07-29 11:15:00,68.02,68.32,67.94,68.32,5653
2021-07-29 11:00:00,68.0608,68.41,68.03,68.03,2889
2021-07-29 10:45:00,68.295,68.775,68.07,68.07,6782
2021-07-29 10:30:00,68.35,68.72,68.35,68.41,6846
2021-07-29 10:15:00,67.14,68.35,67.08,68.22,10321
2021-07-29 10:00:00,67.64,67.67,66.76,67.16,9232
2021-07-29 09:45:00,68.0,68.4281,67.64,68.14,20346
2021-07-29 09:15:00,67.9999,67.9999,67.9999,67.9999,500
2021-07-28 16:00:00,67.3,67.41,67.01,67.17,16000
2021-07-28 15:45:00,67.73,67.73,67.2615,67.32,3346
2021-07-28 15:30:00,67.895,67.895,67.4241,67.65,5426
2021-07-28 15:15:00,67.66,67.81,67.54,67.795,2626
2021-07-28 15:00:00,67.24,67.84,67.13,67.51,8377
2021-07-28 14:45:00,66.78,67.14,66.7601,67.13,1727
2021-07-28 14:30:00,66.81,66.95,66.41,66.71,13195
2021-07-28 14:15:00,66.78,67.29,66.75,66.9,15799
2021-07-28 14:00:00,66.84,67.03,66.72,66.72,1105
2021-07-28 13:45:00,66.89,67.13,66.6679,66.805,1941
2021-07-28 13:30:00,67.17,67.2,66.81,67.005,7520
2021-07-28 13:15:00,67.11,67.4,67.11,67.4,1161
2021-07-28 13:00:00,66.86,67.11,66.86,66.9,6609
2021-07-28 12:45:00,66.6425,66.88,66.6425,66.786,4218
2021-07-28 12:30:00,66.83,67.11,66.7,66.765,15175
2021-07-28 12:15:00,66.575,66.72,66.3,66.72,12409
2021-07-28 12:00:00,66.16,66.76,66.15,66.66,7087
2021-07-28 11:45:00,65.8884,66.19,65.73,65.94,5213
2021-07-28 11:30:00,65.77,66.22,65.77,66.1899,4476
2021-07-28 11:15:00,66.0,66.0,65.2501,65.34,3287
2021-07-28 11:00:00,65.79,66.15,65.36,65.97,7998
2021-07-28 10:45:00,65.2,65.86,65.2,65.565,3258
2021-07-28 10:30:00,65.64,65.64,64.82,64.92,16191
2021-07-28 10:15:00,66.4173,66.59,65.155,65.21,12576
2021-07-28 10:00:00,65.87,66.9,65.87,66.21,6343
2021-07-28 09:45:00,65.08,66.7,65.04,66.7,22798
2021-07-28 09:15:00,65.41,65.41,65.41,65.41,268
2021-07-27 16:45:00,64.25,64.25,64.25,64.25,100
2021-07-27 16:30:00,64.0,64.0,64.0,64.0,100
2021-07-27 16:15:00,64.2,64.2,64.2,64.2,126
2021-07-27 16:00:00,63.76,64.22,63.6416,64.18,39975
2021-07-27 15:45:00,64.205,64.205,63.34,63.85,33957
2021-07-27 15:30:00,64.302,64.41,64.05,64.23,3751
2021-07-27 15:15:00,64.69,64.755,64.14,64.255,4943
2021-07-27 15:00:00,64.4,64.73,64.25,64.73,5471
2021-07-27 14:45:00,64.17,64.4776,64.17,64.24,3804
2021-07-27 14:30:00,63.945,64.1799,63.945,64.15,6194
2021-07-27 14:15:00,63.87,64.02,63.85,64.01,3357
2021-07-27 14:00:00,63.29,63.81,63.29,63.76,2474
2021-07-27 13:45:00,63.5,63.542,63.21,63.27,15721
2021-07-27 13:30:00,63.65,63.67,63.3201,63.3563,8486
2021-07-27 13:15:00,63.93,63.93,63.52,63.71,1738
2021-07-27 13:00:00,63.78,64.11,63.6,63.95,10300
2021-07-27 12:45:00,63.5,63.94,63.4195,63.94,9351
2021-07-27 12:30:00,63.4913,63.94,63.4913,63.7,10800
2021-07-27 12:15:00,64.22,64.22,63.57,63.72,12734
2021-07-27 12:00:00,63.91,64.72,63.91,64.72,2433
2021-07-27 11:45:00,64.01,64.095,63.5201,63.8,14399
2021-07-27 11:30:00,64.05,64.56,64.039,64.27,9479
2021-07-27 11:15:00,64.31,64.57,64.0,64.1126,7137
2021-07-27 11:00:00,63.3,64.5,63.3,64.16,5974
2021-07-27 10:45:00,63.87,63.9601,63.2974,63.54,13125
2021-07-27 10:30:00,63.2788,64.48,63.08,63.55,12880
2021-07-27 10:15:00,63.5398,64.03,63.08,63.285,34613
2021-07-27 10:00:00,64.5,64.67,63.6,63.66,23908
2021-07-27 09:45:00,66.53,66.7076,64.07,64.51,50467
2021-07-27 09:30:00,67.1,67.1,67.1,67.1,129
2021-07-27 08:45:00,67.1103,67.1103,67.1,67.1,728
2021-07-26 16:15:00,67.61,67.61,67.61,67.61,203
2021-07-26 16:00:00,67.4499,67.8699,67.4,67.779,18313
2021-07-26 15:45:00,67.16,67.45,67.0,67.34,3650
2021-07-26 15:30:00,67.04,67.51,67.0,67.17,11944
2021-07-26 15:15:00,66.5,66.9,66.5,66.9,4718
2021-07-26 15:00:00,66.85,66.85,66.37,66.37,8166
2021-07-26 14:45:00,66.51,66.7433,66.51,66.59,2856
2021-07-26 14:30:00,66.315,66.68,66.315,66.47,4820
2021-07-26 14:15:00,66.5368,66.5368,66.07,66.2281,4197
2021-07-26 14:00:00,66.89,66.89,66.2301,66.3537,3989
2021-07-26 13:45:00,66.88,67.09,66.67,67.0,1234
2021-07-26 13:30:00,66.34,66.7,66.2828,66.59,2855
2021-07-26 13:15:00,66.65,66.84,66.34,66.34,9591
2021-07-26 13:00:00,66.76,67.02,66.5,66.5,6292
2021-07-26 12:45:00,67.06,67.06,66.9,66.9,2218
2021-07-26 12:30:00,67.02,67.075,66.6482,66.91,6318
2021-07-26 12:15:00,67.06,67.31,66.84,67.044,5244
2021-07-26 12:00:00,67.54,67.96,67.25,67.4,10426
2021-07-26 11:45:00,67.54,67.54,67.25,67.25,8305
2021-07-26 11:30:00,67.85,68.24,67.58,67.65,3949
2021-07-26 11:15:00,67.35,68.1,67.2201,67.87,7206
2021-07-26 11:00:00,68.21,68.36,67.75,67.75,2939
2021-07-26 10:45:00,68.96,68.96,67.8216,68.5265,8856
2021-07-26 10:30:00,69.4381,69.8756,68.83,68.83,10997
2021-07-26 10:15:00,68.48,69.775,68.48,69.39,16335
2021-07-26 10:00:00,67.71,68.89,67.17,68.63,20409
2021-07-26 09:45:00,67.22,68.66,67.01,67.01,36339
2021-07-26 09:30:00,66.94,66.98,66.94,66.98,809
2021-07-26 09:15:00,66.95,66.95,66.95,66.95,149
2021-07-26 08:15:00,66.01,66.01,65.99,65.99,1228
2021-07-23 16:15:00,66.98,66.98,66.98,66.98,213
2021-07-23 16:00:00,66.91,67.13,66.58,66.98,60189
2021-07-23 15:45:00,66.97,67.26,66.86,66.94,16238
2021-07-23 15:30:00,66.57,66.8,66.57,66.8,5744
2021-07-23 15:15:00,66.78,66.78,66.45,66.48,6046
2021-07-23 15:00:00,66.895,66.95,66.775,66.78,4579
2021-07-23 14:45:00,66.955,67.19,66.81,66.91,6985
2021-07-23 14:30:00,66.81,67.0,66.74,67.0,6279
2021-07-23 14:15:00,66.88,67.0,66.52,66.9179,5210
2021-07-23 14:00:00,66.9,67.18,66.73,66.97,6902
2021-07-23 13:45:00,66.85,67.035,66.73,66.98,14848
2021-07-23 13:30:00,66.7991,66.86,66.6125,66.85,10174
2021-07-23 13:15:00,66.28,66.795,66.245,66.795,17344
2021-07-23 13:00:00,66.28,66.72,66.27,66.33,20450
2021-07-23 12:45:00,66.39,66.4,66.28,66.29,3123
2021-07-23 12:30:00,66.4535,66.57,66.19,66.28,5414
2021-07-23 12:15:00,66.17,66.35,66.03,66.35,8590
2021-07-23 12:00:00,66.13,66.2999,66.0,66.215,13310
2021-07-23 11:45:00,66.58,66.885,66.39,66.39,6774
2021-07-23 11:30:00,65.75,66.64,65.75,66.54,11559
2021-07-23 11:15:00,66.515,66.54,65.7,65.85,20620
2021-07-23 11:00:00,67.1782,67.1782,66.43,66.43,15719
2021-07-23 10:45:00,67.31,67.73,67.12,67.12,14501
2021-07-23 10:30:00,66.93,67.75,66.65,67.75,20412
2021-07-23 10:15:00,67.65,67.8,66.88,66.9,17725
2021-07-23 10:00:00,69.5445,69.9,67.54,67.65,22682
2021-07-23 09:45:00,69.32,69.76,68.14,69.273,19628
2021-07-22 16:00:00,69.67,69.97,69.48,69.97,28547
2021-07-22 15:45:00,70.205,70.205,69.41,69.6,14145
2021-07-22 15:30:00,70.19,70.4,70.115,70.19,16238
2021-07-22 15:15:00,70.5,70.5,70.045,70.045,6414
2021-07-22 15:00:00,70.2699,70.5,69.9401,70.5,6098
2021-07-22 14:45:00,70.57,70.725,69.94,69.94,8525
2021-07-22 14:30:00,70.3977,70.665,70.3977,70.565,4658
2021-07-22 14:15:00,70.32,70.58,70.2306,70.49,7175
2021-07-22 14:00:00,70.01,70.54,70.01,70.32,7181
2021-07-22 13:45:00,71.09,71.09,69.92,70.1,11688
2021-07-22 13:30:00,71.435,71.435,71.0,71.005,10310
2021-07-22 13:15:00,71.33,71.48,71.07,71.44,6759
2021-07-22 13:00:00,70.97,71.42,70.95,71.23,7357
2021-07-22 12:45:00,71.53,71.6,70.94,70.95,12710
2021-07-22 12:30:00,71.165,71.5,71.005,71.5,19700
2021-07-22 12:15:00,70.97,71.16,70.745,71.13,7422
2021-07-22 12:00:00,70.388,71.0999,70.388,70.88,13543
2021-07-22 11:45:00,69.8,70.82,69.78,70.26,20235
2021-07-22 11:30:00,68.96,69.88,68.77,69.88,17373
2021-07-22 11:15:00,69.54,69.625,68.95,68.96,11444
2021-07-22 11:00:00,70.17,70.21,69.05,69.5536,23479
2021-07-22 10:45:00,70.09,70.58,70.0,70.45,9643
2021-07-22 10:30:00,70.345,70.77,69.37,70.0,16683
2021-07-22 10:15:00,70.305,70.93,69.64,70.265,21316
2021-07-22 10:00:00,71.33,71.33,70.195,70.4498,47168
2021-07-22 09:45:00,70.83,71.34,69.23,71.33,38321
2021-07-22 09:15:00,72.01,72.65,72.01,72.65,1114
2021-07-22 08:15:00,70.46,71.99,70.46,71.99,470
2021-07-21 19:00:00,70.45,70.45,70.45,70.45,100
2021-07-21 16:00:00,70.12,70.33,69.76,70.23,47186
2021-07-21 15:45:00,69.61,70.17,69.2801,70.14,21567
2021-07-21 15:30:00,69.36,69.8599,69.36,69.61,7561
2021-07-21 15:15:00,69.23,69.57,69.21,69.47,7217
2021-07-21 15:00:00,68.78,69.24,68.77,69.02,5016
2021-07-21 14:45:00,68.81,69.19,68.81,69.0,1166
2021-07-21 14:30:00,68.95,69.15,68.49,68.85,5018
2021-07-21 14:15:00,69.11,69.48,68.75,68.7885,11519
2021-07-21 14:00:00,69.22,69.42,69.05,69.05,11755
2021-07-21 13:45:00,69.23,69.4327,69.21,69.29,5698
2021-07-21 13:30:00,69.31,69.5,69.09,69.25,4427
2021-07-21 13:15:00,69.16,69.38,68.97,69.38,6236
2021-07-21 13:00:00,68.885,69.17,68.67,69.1596,10173
2021-07-21 12:45:00,69.05,69.2599,68.71,68.9062,8610
2021-07-21 12:30:00,68.66,69.2,68.66,69.06,6734
2021-07-21 12:15:00,69.025,69.025,68.5682,68.79,2971
2021-07-21 12:00:00,68.67,69.56,68.67,68.85,21195
2021-07-21 11:45:00,68.4,68.7,68.4,68.639,11071
2021-07-21 11:30:00,68.5,68.8,68.45,68.45,8848
2021-07-21 11:15:00,67.93,68.8599,67.93,68.5,16940
2021-07-21 11:00:00,68.0,68.48,67.93,67.94,10235
2021-07-21 10:45:00,68.15,68.4899,67.71,68.13,17258
2021-07-21 10:30:00,67.79,68.6162,67.79,68.15,11217
2021-07-21 10:15:00,68.15,68.4881,67.56,68.05,11528
2021-07-21 10:00:00,67.56,68.29,67.08,68.2063,16455
2021-07-21 09:45:00,65.68,67.54,65.6,67.5188,24804
2021-07-21 08:15:00,65.25,65.25,65.25,65.25,400
2021-07-20 16:00:00,65.21,65.36,64.57,64.92,45359
2021-07-20 15:45:00,65.15,65.28,65.0401,65.22,11724
2021-07-20 15:30:00,64.74,65.09,64.62,65.02,9383
2021-07-20 15:15:00,64.2409,64.67,64.2409,64.67,1974
2021-07-20 15:00:00,64.405,64.55,64.27,64.3,3575
2021-07-20 14:45:00,64.58,64.75,64.39,64.465,6510
2021-07-20 14:30:00,64.62,64.62,64.2236,64.51,5100
2021-07-20 14:15:00,64.6512,64.72,64.31,64.5813,4396
2021-07-20 14:00:00,64.15,64.62,64.12,64.35,6156
2021-07-20 13:45:00,64.36,64.545,64.269,64.3,4438
2021-07-20 13:30:00,64.69,64.7,64.11,64.25,5344
2021-07-20 13:15:00,64.75,64.75,64.1701,64.53,14108
2021-07-20 13:00:00,64.8735,65.3,64.68,64.68,9828
2021-07-20 12:45:00,64.85,65.2,64.85,64.95,5848
2021-07-20 12:30:00,64.98,65.03,64.82,64.91,3465
2021-07-20 12:15:00,65.32,65.32,64.7,64.858,6225
2021-07-20 12:00:00,65.13,65.51,65.13,65.13,3401
2021-07-20 11:45:00,64.95,65.25,64.8,65.23,14802
2021-07-20 11:30:00,65.05,65.32,64.8,65.1,6362
2021-07-20 11:15:00,65.4,65.5021,65.0,65.0,14546
2021-07-20 11:00:00,64.94,65.4999,64.9,65.48,9042
2021-07-20 10:45:00,65.22,65.22,64.54,64.83,18560
2021-07-20 10:30:00,64.41,65.52,64.3,65.0,29363
2021-07-20 10:15:00,64.875,65.05,64.15,64.5,8984
2021-07-20 10:00:00,64.37,65.0,63.61,65.0,22243
2021-07-20 09:45:00,64.64,64.88,63.09,64.38,44753
2021-07-20 09:15:00,64.49,64.49,64.49,64.49,300
2021-07-19 20:00:00,63.4,63.4,63.4,63.4,126
2021-07-19 18:00:00,63.2,63.2,63.2,63.2,1025
2021-07-19 16:15:00,63.2,63.2,63.2,63.2,213
2021-07-19 16:00:00,63.1349,63.39,63.01,63.29,22690
2021-07-19 15:45:00,63.45,63.45,62.774,63.0,13978
2021-07-19 15:30:00,63.58,63.59,63.1,63.465,10679
2021-07-19 15:15:00,63.09,63.72,63.0,63.68,19736
2021-07-19 15:00:00,63.04,63.34,62.71,63.0,13209
2021-07-19 14:45:00,62.88,63.01,62.4449,62.88,18449
2021-07-19 14:30:00,62.27,62.84,62.2101,62.5,8799
2021-07-19 14:15:00,62.2794,62.78,62.0,62.62,12298
2021-07-19 14:00:00,62.21,62.64,62.18,62.225,6245
2021-07-19 13:45:00,62.28,62.62,62.035,62.32,5449
2021-07-19 13:30:00,62.72,62.76,61.8,61.94,7704
2021-07-19 13:15:00,62.13,63.0701,61.75,62.7736,17877
2021-07-19 13:00:00,62.12,62.3318,61.7978,62.12,3308
2021-07-19 12:45:00,62.5142,62.67,61.9648,62.072,7556
2021-07-19 12:30:00,63.1598,63.3214,62.5,62.6,13703
2021-07-19 12:15:00,63.25,63.25,62.58,63.04,14545
2021-07-19 12:00:00,63.07,63.62,62.86,63.4,18387
2021-07-19 11:45:00,61.78,63.14,61.71,63.07,22351
2021-07-19 11:30:00,61.82,61.96,61.3274,61.78,15967
2021-07-19 11:15:00,60.7899,61.68,60.72,61.65,15352
2021-07-19 11:00:00,61.45,61.75,60.5001,60.88,17105
2021-07-19 10:45:00,60.22,61.45,60.1,61.31,25616
2021-07-19 10:30:00,58.93,60.34,58.5,60.29,40630
2021-07-19 10:15:00,59.3,59.9599,58.78,59.0,43570
2021-07-19 10:00:00,58.8,60.74,58.51,59.53,58448
2021-07-19 09:45:00,59.58,60.69,58.0,58.6449,115992
2021-07-19 09:30:00,58.75,59.04,58.75,59.0,2507
2021-07-19 09:15:00,59.5,59.5,59.0,59.0,1753
2021-07-19 09:00:00,60.08,60.08,60.08,60.08,100
2021-07-19 08:45:00,59.093,60.6,59.07,59.07,3830
2021-07-19 08:15:00,60.5,60.5,60.0,60.0,1475
2021-07-16 17:30:00,62.22,62.22,62.22,62.22,100
2021-07-16 16:45:00,62.16,62.16,62.16,62.16,170
2021-07-16 16:30:00,62.0,62.0,62.0,62.0,260
2021-07-16 16:15:00,62.14,62.15,62.14,62.15,283
2021-07-16 16:00:00,61.95,62.09,61.5,62.05,63994
2021-07-16 15:45:00,61.49,62.05,61.25,61.88,40057
2021-07-16 15:30:00,61.585,61.79,61.36,61.5,25611
2021-07-16 15:15:00,62.77,62.79,61.3,61.65,48333
2021-07-16 15:00:00,63.04,63.18,62.1601,62.82,32856
2021-07-16 14:45:00,63.29,63.6,63.011,63.48,23836
2021-07-16 14:30:00,63.23,63.62,63.16,63.47,14670
2021-07-16 14:15:00,63.26,63.3825,63.05,63.33,9302
2021-07-16 14:00:00,63.39,63.41,62.91,63.242,13376
2021-07-16 13:45:00,63.3563,63.57,63.15,63.55,14177
2021-07-16 13:30:00,63.61,63.6499,63.26,63.26,5639
2021-07-16 13:15:00,63.84,63.845,63.475,63.63,4187
2021-07-16 13:00:00,63.44,63.94,63.3379,63.94,6258
2021-07-16 12:45:00,63.525,63.61,63.1747,63.4,11794
2021-07-16 12:30:00,63.92,63.9948,63.3779,63.4221,11847
2021-07-16 12:15:00,63.9,64.0999,63.64,63.94,7252
2021-07-16 12:00:00,64.2,64.21,63.75,63.9084,9339
2021-07-16 11:45:00,64.02,64.4369,64.0,64.2,10675
2021-07-16 11:30:00,64.31,64.31,63.73,64.23,3656
2021-07-16 11:15:00,64.328,64.37,63.55,64.37,14579
2021-07-16 11:00:00,63.86,64.5,63.7301,64.2528,8287
2021-07-16 10:45:00,63.44,64.44,63.44,63.99,11395
2021-07-16 10:30:00,63.745,63.92,62.78,63.26,35984
2021-07-16 10:15:00,65.4599,65.4599,63.222,64.2,16696
2021-07-16 10:00:00,65.98,65.99,64.95,65.125,9655
2021-07-16 09:45:00,66.28,66.6901,65.67,65.96,19524
2021-07-16 09:30:00,66.82,66.82,66.82,66.82,132
2021-07-16 08:15:00,65.85,65.85,65.85,65.85,270
2021-07-15 16:00:00,65.78,65.9999,65.69,65.85,32655
2021-07-15 15:45:00,65.47,65.89,65.46,65.76,21447
2021-07-15 15:30:00,65.1129,65.59,65.1129,65.555,7792
2021-07-15 15:15:00,65.66,65.66,65.27,65.4,5470
2021-07-15 15:00:00,65.6,65.8018,65.39,65.75,9162
2021-07-15 14:45:00,65.3375,65.81,65.1211,65.705,7084
2021-07-15 14:30:00,64.79,65.2399,64.71,65.1586,8682
2021-07-15 14:15:00,64.71,64.94,64.3,64.725,16839
2021-07-15 14:00:00,65.1101,65.225,64.18,64.72,24106
2021-07-15 13:45:00,65.3,65.54,65.0,65.3914,10122
2021-07-15 13:30:00,64.82,65.4899,64.81,65.4899,8813
2021-07-15 13:15:00,65.2517,65.2517,64.81,64.84,16949
2021-07-15 13:00:00,65.77,65.94,65.26,65.27,14964
2021-07-15 12:45:00,65.8,66.12,65.74,65.97,12331
2021-07-15 12:30:00,66.14,66.17,65.74,65.8488,6779
2021-07-15 12:15:00,66.19,66.27,65.36,66.07,14879
2021-07-15 12:00:00,66.35,66.35,65.925,66.24,11758
2021-07-15 11:45:00,66.47,66.66,66.11,66.18,7441
2021-07-15 11:30:00,66.42,66.79,66.26,66.47,13719
2021-07-15 11:15:00,66.115,66.66,65.628,66.5025,20125
2021-07-15 11:00:00,65.98,66.4258,65.8623,66.125,20033
2021-07-15 10:45:00,65.845,66.35,65.845,66.18,6552
2021-07-15 10:30:00,66.67,66.67,65.44,65.7001,17815
2021-07-15 10:15:00,66.61,67.29,66.61,66.66,21881
2021-07-15 10:00:00,65.65,67.17,65.34,66.82,26340
2021-07-15 09:45:00,66.47,66.77,64.8,65.32,85109
2021-07-15 09:30:00,66.49,66.49,66.49,66.49,204
2021-07-15 08:45:00,67.0,67.0,67.0,67.0,222
2021-07-14 18:30:00,66.07,66.07,66.07,66.07,329
2021-07-14 17:00:00,67.9899,67.9899,67.9899,67.9899,104
2021-07-14 16:30:00,67.0,67.0,67.0,67.0,179
2021-07-14 16:00:00,67.055,67.28,66.95,66.95,46826
2021-07-14 15:45:00,67.05,67.18,66.9408,67.04,17393
2021-07-14 15:30:00,67.25,67.37,66.86,67.2,10843
2021-07-14 15:15:00,67.27,67.37,67.0,67.35,9598
2021-07-14 15:00:00,67.12,67.26,66.93,67.11,7246
2021-07-14 14:45:00,66.79,67.27,66.42,67.12,9468
2021-07-14 14:30:00,66.9,66.9,66.56,66.7,4919
2021-07-14 14:15:00,67.09,67.39,66.7,66.97,6974
2021-07-14 14:00:00,67.01,67.13,66.88,66.97,5824
2021-07-14 13:45:00,67.4,67.4,66.9362,67.1159,6118
2021-07-14 13:30:00,67.18,67.33,66.64,67.33,7386
2021-07-14 13:15:00,67.29,67.54,67.265,67.41,6673
2021-07-14 13:00:00,67.33,67.56,67.22,67.42,7820
2021-07-14 12:45:00,66.7762,67.585,66.75,67.32,27118
2021-07-14 12:30:00,66.62,66.9,66.22,66.8,12863
2021-07-14 12:15:00,65.9404,67.12,65.9404,66.68,12065
2021-07-14 12:00:00,66.85,67.27,65.87,65.935,43457
2021-07-14 11:45:00,67.25,67.73,66.75,66.75,24174
2021-07-14 11:30:00,67.99,68.15,66.8,67.0,26735
2021-07-14 11:15:00,68.16,68.175,67.74,68.0,15244
2021-07-14 11:00:00,68.9411,69.2199,68.01,68.24,19246
2021-07-14 10:45:00,68.8472,69.0,68.5959,68.7,8782
2021-07-14 10:30:00,69.56,69.87,68.55,68.55,10858
2021-07-14 10:15:00,69.9138,69.9138,69.26,69.33,5470
2021-07-14 10:00:00,70.335,70.8869,69.0594,69.99,12002
2021-07-14 09:45:00,69.92,70.97,69.34,70.085,32004
2021-07-14 09:30:00,70.01,70.01,70.01,70.01,200
2021-07-14 09:15:00,69.56,69.56,69.5,69.5,600
2021-07-13 16:15:00,69.41,69.5,69.41,69.5,268
2021-07-13 16:00:00,69.19,69.33,68.76,69.22,62963
2021-07-13 15:45:00,69.33,69.34,68.8598,69.18,15750
2021-07-13 15:30:00,69.23,69.44,69.21,69.254,9402
2021-07-13 15:15:00,69.56,69.72,69.32,69.32,10186
2021-07-13 15:00:00,69.64,69.64,69.29,69.56,13394
2021-07-13 14:45:00,70.01,70.13,69.5,69.51,12917
2021-07-13 14:30:00,70.095,70.37,70.01,70.01,6156
2021-07-13 14:15:00,70.11,70.19,69.8,70.07,21833
2021-07-13 14:00:00,70.06,70.38,70.0,70.2,10290
2021-07-13 13:45:00,70.31,70.4302,70.07,70.07,4395
2021-07-13 13:30:00,70.32,70.32,70.0,70.2876,8237
2021-07-13 13:15:00,70.38,70.565,70.3399,70.445,7060
2021-07-13 13:00:00,70.67,70.67,70.3,70.3,5260
2021-07-13 12:45:00,70.7252,70.7252,70.42,70.57,6802
2021-07-13 12:30:00,71.1263,71.14,70.66,70.75,9156
2021-07-13 12:15:00,70.82,71.2299,70.82,70.9033,2009
2021-07-13 12:00:00,70.51,71.2,70.51,70.7899,14261
2021-07-13 11:45:00,69.98,70.28,69.85,70.28,5368
2021-07-13 11:30:00,70.41,70.5938,69.63,69.95,25039
2021-07-13 11:15:00,70.7,70.86,70.41,70.445,14992
2021-07-13 11:00:00,70.36,70.92,70.26,70.92,14067
2021-07-13 10:45:00,70.85,71.15,70.41,70.56,6782
2021-07-13 10:30:00,70.78,71.35,70.5,71.03,10486
2021-07-13 10:15:00,71.22,71.54,70.4365,70.78,17936
2021-07-13 10:00:00,70.83,72.0,70.5844,71.0,13455
2021-07-13 09:45:00,72.4,72.8898,70.874,70.874,13789
2021-07-12 17:45:00,72.22,72.22,72.09,72.09,900
2021-07-12 17:15:00,73.19,73.19,73.19,73.19,151
2021-07-12 16:15:00,73.16,73.16,73.16,73.16,177
2021-07-12 16:00:00,73.163,73.29,72.99,73.17,25300
2021-07-12 15:45:00,73.33,73.349,73.05,73.198,4817
2021-07-12 15:30:00,73.09,73.34,72.94,73.34,6325
2021-07-12 15:15:00,73.13,73.24,73.04,73.1,4174
2021-07-12 15:00:00,72.7,73.23,72.67,73.1996,7919
2021-07-12 14:45:00,72.61,72.86,72.61,72.86,1481
2021-07-12 14:30:00,72.355,72.8,72.355,72.68,6912
2021-07-12 14:15:00,72.55,72.639,72.21,72.51,7178
2021-07-12 14:00:00,72.4,72.66,72.4,72.55,2214
2021-07-12 13:45:00,72.2033,72.576,72.2033,72.505,6204
2021-07-12 13:30:00,72.12,72.19,72.11,72.17,2552
2021-07-12 13:15:00,72.0373,72.345,72.0373,72.21,3506
2021-07-12 13:00:00,72.29,72.44,72.15,72.15,1921
2021-07-12 12:45:00,72.32,72.61,72.1,72.35,8368
2021-07-12 12:30:00,72.43,72.55,72.28,72.28,4084
2021-07-12 12:15:00,72.25,72.56,72.14,72.49,6072
2021-07-12 12:00:00,72.26,72.395,72.08,72.3517,3802
2021-07-12 11:45:00,72.22,72.29,71.9062,72.19,4205
2021-07-12 11:30:00,72.035,72.26,71.86,72.26,1219
2021-07-12 11:15:00,72.39,72.96,71.8547,71.97,16096
2021-07-12 11:00:00,72.8734,72.97,72.37,72.39,5063
2021-07-12 10:45:00,72.53,73.0,72.3359,72.77,22589
2021-07-12 10:30:00,72.21,72.53,71.59,72.53,8941
2021-07-12 10:15:00,71.2801,72.5,71.04,72.29,23389
2021-07-12 10:00:00,69.9314,71.73,69.9001,71.73,7124
2021-07-12 09:45:00,71.6,71.6,68.9401,70.0,44822
2021-07-09 20:00:00,71.92,71.92,71.92,71.92,100
2021-07-09 16:00:00,72.12,72.15,71.67,72.15,49411
2021-07-09 15:45:00,72.14,72.19,71.93,72.0697,7949
2021-07-09 15:30:00,72.2,72.29,72.03,72.14,5174
2021-07-09 15:15:00,71.83,72.2,71.83,72.2,8424
2021-07-09 15:00:00,71.87,72.0956,71.84,71.84,9988
2021-07-09 14:45:00,71.9,72.049,71.74,71.86,6200
2021-07-09 14:30:00,71.63,71.88,71.57,71.75,6213
2021-07-09 14:15:00,71.5399,71.65,71.13,71.63,4485
2021-07-09 14:00:00,71.07,71.54,71.0268,71.38,12062
2021-07-09 13:45:00,71.37,71.4899,71.08,71.13,4173
2021-07-09 13:30:00,70.7186,71.3999,70.65,71.3999,14660
2021-07-09 13:15:00,70.81,70.9,70.61,70.8,12023
2021-07-09 13:00:00,71.0,71.02,70.7787,70.85,2642
2021-07-09 12:45:00,70.7999,71.0,70.79,70.95,3273
2021-07-09 12:30:00,70.3801,70.8,70.38,70.5829,7131
2021-07-09 12:15:00,70.495,70.54,70.38,70.495,2831
2021-07-09 12:00:00,70.742,70.75,70.48,70.54,10123
2021-07-09 11:45:00,70.64,70.77,70.49,70.68,9561
2021-07-09 11:30:00,70.46,70.67,70.34,70.6033,4991
2021-07-09 11:15:00,70.0705,70.59,69.95,70.45,9951
2021-07-09 11:00:00,70.37,70.5,70.035,70.1699,9816
2021-07-09 10:45:00,70.2532,70.53,69.84,70.44,11040
2021-07-09 10:30:00,70.3471,70.45,69.67,70.24,19712
2021-07-09 10:15:00,70.49,70.72,70.1901,70.2,9127
2021-07-09 10:00:00,70.285,70.38,69.39,70.38,9739
2021-07-09 09:45:00,69.0,70.25,68.5166,70.25,36026
2021-07-09 09:30:00,69.0,69.0,69.0,69.0,400
2021-07-09 09:00:00,69.5,69.5,69.5,69.5,100
2021-07-09 08:45:00,69.415,69.415,69.415,69.415,100
2021-07-09 08:30:00,69.15,69.15,69.15,69.15,180
2021-07-08 17:15:00,68.25,68.25,68.25,68.25,109
2021-07-08 16:45:00,68.2,68.49,68.2,68.49,250
2021-07-08 16:30:00,69.01,69.01,69.01,69.01,229
2021-07-08 16:00:00,67.68,68.26,67.11,67.99,106519
2021-07-08 15:45:00,67.63,68.2799,67.41,67.67,56256
2021-07-08 15:30:00,66.96,67.5,66.8,67.41,31697
2021-07-08 15:15:00,67.8584,68.0,66.83,66.94,33084
2021-07-08 15:00:00,67.76,68.07,67.58,67.81,20976
2021-07-08 14:45:00,68.01,68.3934,67.83,67.83,19720
2021-07-08 14:30:00,68.55,68.57,67.9442,67.9442,22114
2021-07-08 14:15:00,69.17,69.35,68.4,68.8299,30822
2021-07-08 14:00:00,69.69,69.69,68.91,69.02,13035
2021-07-08 13:45:00,70.29,70.37,69.854,69.95,11968
2021-07-08 13:30:00,70.1,70.29,69.9,70.24,5541
2021-07-08 13:15:00,70.13,70.38,70.03,70.03,3848
2021-07-08 13:00:00,70.2238,70.24,69.83,69.97,8454
2021-07-08 12:45:00,69.8,70.26,69.42,70.26,17063
2021-07-08 12:30:00,69.67,69.96,69.24,69.96,11269
2021-07-08 12:15:00,68.3983,69.628,68.22,69.495,19855
2021-07-08 12:00:00,68.25,68.48,68.0798,68.23,41235
2021-07-08 11:45:00,68.0327,68.2999,67.91,68.21,13009
2021-07-08 11:30:00,68.1,68.13,67.675,68.032,27958
2021-07-08 11:15:00,68.27,68.53,67.99,68.185,18291
2021-07-08 11:00:00,68.31,68.66,68.0,68.14,25310
2021-07-08 10:45:00,68.24,68.55,68.1,68.39,28967
2021-07-08 10:30:00,69.2,69.2,68.0,68.29,28507
2021-07-08 10:15:00,69.3,69.75,68.545,69.4,20247
2021-07-08 10:00:00,67.76,69.3294,67.7201,69.29,48905
2021-07-08 09:45:00,69.73,70.39,66.23,67.6455,165681
2021-07-08 09:30:00,69.75,69.75,69.74,69.74,261
2021-07-08 09:15:00,69.87,69.87,69.87,69.87,800
2021-07-08 08:45:00,69.9,70.0,69.77,69.77,2174
2021-07-08 08:30:00,70.0001,70.0001,70.0001,70.0001,168
2021-07-08 08:15:00,70.0,70.21,70.0,70.0,2033
2021-07-08 07:15:00,71.0,71.23,71.0,71.23,493
2021-07-08 06:15:00,71.25,71.25,71.25,71.25,100
2021-07-08 05:15:00,71.25,71.25,71.25,71.25,310
2021-07-08 04:45:00,71.26,71.26,71.26,71.26,200
2021-07-07 16:30:00,73.0,73.0,73.0,73.0,100
2021-07-07 16:15:00,73.24,73.24,73.24,73.24,100
2021-07-07 16:00:00,72.97,73.24,72.85,73.05,54500
2021-07-07 15:45:00,73.11,73.15,72.85,73.0,16768
2021-07-07 15:30:00,73.085,73.15,73.01,73.1331,5193
2021-07-07 15:15:00,73.0,73.15,73.0,73.1091,9561
2021-07-07 15:00:00,72.6397,73.05,72.5101,72.99,16832
2021-07-07 14:45:00,72.89,73.0899,72.5,73.0899,3949
2021-07-07 14:30:00,73.34,73.34,73.015,73.1,3690
2021-07-07 14:15:00,73.01,73.4699,73.0,73.32,5462
2021-07-07 14:00:00,73.34,73.38,72.98,73.1,8378
2021-07-07 13:45:00,72.92,73.34,72.76,73.175,5326
2021-07-07 13:30:00,73.045,73.255,72.79,72.81,3205
2021-07-07 13:15:00,73.5,73.6225,73.2137,73.22,2829
2021-07-07 13:00:00,73.51,73.86,73.45,73.45,4413
2021-07-07 12:45:00,73.38,73.99,73.35,73.6461,4870
2021-07-07 12:30:00,73.7201,73.88,73.2,73.6433,8134
2021-07-07 12:15:00,73.69,73.9299,73.5492,73.6461,4072
2021-07-07 12:00:00,73.74,73.99,73.5617,73.99,8793
2021-07-07 11:45:00,73.44,73.85,73.4334,73.8035,5987
2021-07-07 11:30:00,73.3006,73.4541,73.21,73.41,4277
2021-07-07 11:15:00,73.0,73.25,72.81,73.05,4132
2021-07-07 11:00:00,72.27,72.9999,71.779,72.9999,13962
2021-07-07 10:45:00,71.71,72.74,71.71,72.43,19970
2021-07-07 10:30:00,72.52,72.6,71.71,71.71,41208
2021-07-07 10:15:00,73.74,73.74,72.17,72.53,47921
2021-07-07 10:00:00,74.55,74.99,73.0,73.43,22660
2021-07-07 09:45:00,73.88,75.73,73.5,74.47,34560
2021-07-07 09:30:00,74.0192,74.0192,74.0,74.0,775
2021-07-07 08:15:00,74.0,75.01,74.0,75.01,632
2021-07-06 16:45:00,74.04,74.04,74.04,74.04,156
2021-07-06 16:00:00,75.2,75.55,74.855,75.04,19639
2021-07-06 15:45:00,74.955,75.24,74.72,75.19,10707
2021-07-06 15:30:00,75.2933,75.365,74.91,75.0,8010
2021-07-06 15:15:00,75.42,75.53,75.3108,75.33,3399
2021-07-06 15:00:00,75.62,75.7,75.4127,75.545,4962
2021-07-06 14:45:00,75.2,75.55,75.045,75.55,4561
2021-07-06 14:30:00,75.145,75.31,75.05,75.205,3605
2021-07-06 14:15:00,74.94,75.24,74.93,75.09,5955
2021-07-06 14:00:00,74.8477,75.03,74.7,74.7385,3408
2021-07-06 13:45:00,74.88,75.11,74.75,74.955,2930
2021-07-06 13:30:00,74.44,74.78,74.3,74.78,4092
2021-07-06 13:15:00,74.5412,75.03,74.49,74.5,12228
2021-07-06 13:00:00,73.92,74.5698,73.92,74.5698,12281
2021-07-06 12:45:00,74.55,74.55,73.81,73.9222,3665
2021-07-06 12:30:00,75.265,75.3659,74.33,74.39,8450
2021-07-06 12:15:00,75.95,75.97,74.85,75.1,10590
2021-07-06 12:00:00,75.985,76.14,75.64,75.96,8365
2021-07-06 11:45:00,74.81,76.39,74.77,76.15,23461
2021-07-06 11:30:00,74.84,75.24,74.72,75.1574,6253
2021-07-06 11:15:00,74.0,74.84,73.9,74.84,11151
2021-07-06 11:00:00,73.89,74.5,73.66,74.17,10899
2021-07-06 10:45:00,73.64,74.1,73.39,74.02,6044
2021-07-06 10:30:00,73.36,74.01,73.3,73.6201,5274
2021-07-06 10:15:00,74.4711,74.5578,73.0,73.35,13052
2021-07-06 10:00:00,72.95,74.84,72.92,74.473,19000
2021-07-06 09:45:00,75.53,75.53,72.68,72.94,50905
2021-07-06 09:30:00,75.55,75.55,75.55,75.55,139
2021-07-06 09:15:00,75.99,75.99,75.99,75.99,314
2021-07-06 07:30:00,76.55,76.55,76.55,76.55,388
